title,company,location,link
Data Engineer,,,https://www.indeed.com/rc/clk?jk=64cecf600dd4d09a&bb=kZ0xQifbZmYsll0o9QsTrNN6yVjgqzHRFU0Yh_aDKdoxghjjO_qssdtZhA0h03-k4lYDIpx3syGMq0mDGHEXLFmGph5KXXl4EXJh-bHvffZJoL_j18nJz7KB_j3lRXZXBJzkkBz7TuI7wyxnzaLjrQ%3D%3D&xkcb=SoCT67M3ujmSQKRSwp0CbzkdCdPP&fccid=8b68e729353e2513&cmp=Hillview-Consulting&ti=Data+Engineer&vjs=3
Senior Data Engineer,,,https://www.indeed.com/rc/clk?jk=8bfea6be3630cfa2&bb=kZ0xQifbZmYsll0o9QsTrCxfrOanpZPAJzcyyuV3B8czVzK4J3rBOI33Ab9o13FlLDSHIhToPutGB0DYWL-NVa7owR_2WETsq7XWojiFBjQnjilOEhtKmQHAdwjOxSMpCkLH28pxgV8Pgjms0nazhQ%3D%3D&xkcb=SoAO67M3ujmSQKRSwp0BbzkdCdPP&fccid=dd616958bd9ddc12&vjs=3
Data Analytics Engineer,,,https://www.indeed.com/rc/clk?jk=fd686caf32295bfc&bb=kZ0xQifbZmYsll0o9QsTrE1o77NU2sAIr0nDfiVv6BER9XDChqybEmdudM1h486S-K2HssM1JXhyJ3Wu7GXwmy8PnjwHv7RotWwNRZbU9qdKhAEtW90jUG_YHwaPfTnjnhMSqwqgDltVBnonjdMx6g%3D%3D&xkcb=SoC667M3ujmSQKRSwp0AbzkdCdPP&fccid=0b2283bbea07e089&cmp=Intellipro-Group-Inc&ti=Data+Engineer&vjs=3
Senior Data Engineer,,,https://www.indeed.com/rc/clk?jk=812ed2577be16335&bb=kZ0xQifbZmYsll0o9QsTrLO4BQ9xCJqWji-5OAeBE-nqq9ePrIAPwBN56KKULHXZRaGFJA51eMgSAOPOoRSRKVh9Z6i7iHV3QiWk0t33Xo6vt3VIHZNRwt_YlxtZJnJ7KtnVOHUaNnBLpRgELmzXcQ%3D%3D&xkcb=SoA067M3ujmSQKRSwp0HbzkdCdPP&fccid=afaf2a765443adf4&cmp=Red-Circle&ti=Data+Engineer&vjs=3
Data Engineer,,,https://www.indeed.com/rc/clk?jk=08942dfab3e8318d&bb=kZ0xQifbZmYsll0o9QsTrF-SqchnvylFBXQlKCAMii36QHUVZNHfuV1GcNJg430_posVDRvK7FVc7_tzRrwBphMzd9TZ-mdhxtw6iEv7MEX8uSrV-ARL5R7fG7qQ8bsj8RPyWgHlphVDw3ddfBgj0A%3D%3D&xkcb=SoCA67M3ujmSQKRSwp0GbzkdCdPP&fccid=434276574663a775&vjs=3
Senior Data Engineer Solution Design Focused,,,https://www.indeed.com/rc/clk?jk=6500cda5880e80aa&bb=kZ0xQifbZmYsll0o9QsTrPg5HoVNoFhOiIH7debrwXz5bQEKxUvGVSB-WnhNriQEi6XhV88B7wf2TK5tH0xs5folWpelG8ilYPjmR8tePbGam4niFTZUZOq9Pl-JBk6ncU7IOTlyCVulv0DXmX9hfQ%3D%3D&xkcb=SoAd67M3ujmSQKRSwp0FbzkdCdPP&fccid=c815bdb262954d56&vjs=3
Data Pipeline Engineer,,,https://www.indeed.com/rc/clk?jk=eb6a269c69563dca&bb=kZ0xQifbZmYsll0o9QsTrD_2-b57V80pa8ipFKcBP9_Ufu0XQxCwPwWukNIn1ZJlvHrg3a1gXQcKS5ZJIrwr6oUGvVcD2xH8ZDpZKRuxhhk_A5X92cAg2dBbWcPhgcZ857yX5I_64G1ht560dCBKdQ%3D%3D&xkcb=SoCp67M3ujmSQKRSwp0EbzkdCdPP&fccid=1041caf805524ceb&vjs=3
Associate Data Engineer,,,https://www.indeed.com/rc/clk?jk=1b04e2a070a8a642&bb=kZ0xQifbZmYsll0o9QsTrFKJiqRGCOnyPp5RCygkwmGbgyeSWkwy2TnXhStcelxmyvNDomSnOK7df8QOkkAHyunETtXggk1FYTqWI-5Kf0QYlM7p5dfkjFiQYyYAXA2ex1d-glwt9VWc0MWozHWgXg%3D%3D&xkcb=SoCO67M3ujmSQKRSwp0bbzkdCdPP&fccid=4b090946b9830447&vjs=3
Junior Data Engineer,,,https://www.indeed.com/rc/clk?jk=2ac039ced2598c08&bb=kZ0xQifbZmYsll0o9QsTrD6_MqIG0eVSOCn0DG7Pf9J-wNojGDjtTh4T7p6HP_aIK623jzBkzJwF2kPknhnDitocCtP430WvC0Vf--zc51WdYZq6E7CAMYzNcbll0Q8CgtsgL_b3p7BUKoxczPul6g%3D%3D&xkcb=SoA667M3ujmSQKRSwp0abzkdCdPP&fccid=1c3cbe8bd91ffb85&cmp=Smart-Capital-Center&ti=Data+Engineer&vjs=3
Data Engineer - North America,,,https://www.indeed.com/rc/clk?jk=771f4b0e02bce1b1&bb=kZ0xQifbZmYsll0o9QsTrF-SqchnvylFwlhAtlr9pIGqRdHt3wMePrUWyhWECV1XQ4_dZ90ImPHOfd8aTRFui6vdTCbYnv_g9YYBWsJ95n4mD2yS9EfnaQVoGWYHrFIVDQE6_4woEq9mjfR4-mmSDQ%3D%3D&xkcb=SoCn67M3ujmSQKRSwp0ZbzkdCdPP&fccid=7d4e071f728abe8d&vjs=3
,,,https://www.indeed.com/viewjob?jk=fedcba9876543210
Senior Data Engineer - North America,,,https://www.indeed.com/rc/clk?jk=6c34ee642f0efba2&bb=kZ0xQifbZmYsll0o9QsTrFasIcuj9kMWscgv_ZmXmgi-EkDNYRDHABUV3VPy40o1_DxSX8_Wy-eW7pZeclWxa6HF1fAugFB31Ggofiy91-W3pWw5r4PbJc-xX7fbVa0Bsxv_DOra4droqwbcYAe3NQ%3D%3D&xkcb=SoAT67M3ujmSQKRSwp0YbzkdCdPP&fccid=7d4e071f728abe8d&vjs=3
Data Integration Engineer,,,https://www.indeed.com/rc/clk?jk=a7fe152cba93a51a&bb=kZ0xQifbZmYsll0o9QsTrJArggE2CZb8BrMgp_8md37q0N7swfrrxF_cUxNOK2w_Bc5LIfb6XxZBYYOx8NTOh5T5iGNM-hI_ivSfEqrJ00eKerxUIgQr5rov-iDTFyPVkJBLZAoULhS6xCWN3s4Iiw%3D%3D&xkcb=SoCd67M3ujmSQKRSwp0fbzkdCdPP&fccid=dd616958bd9ddc12&vjs=3
Lead Data Engineer,,,https://www.indeed.com/rc/clk?jk=2f9c5988ba9eb24f&bb=kZ0xQifbZmYsll0o9QsTrEF8eO-gRoMirVSLNLpLrJjwHy41J4ZgajrpRQHt61skvsRR-pqPEpUNfKnc-MT3p2H2khDX5y3vAto_57N7bxuotrE7nhtRsIwG_vBQpnhqCoDQ5gTlx4VrVvjKRSW3SQ%3D%3D&xkcb=SoAp67M3ujmSQKRSwp0ebzkdCdPP&fccid=e63760dd7d6e42b8&vjs=3
Data/Modeling Engineer,,,https://www.indeed.com/rc/clk?jk=d917adce8f669a49&bb=kZ0xQifbZmYsll0o9QsTrIvGBECz33TgrFpvb0kbJmefAlJG-PIU_YS-IhXN6lB6PSm8ufXAOdflijKVLH-fRafFtE2I-w6VYJCZ8uuIHkUyYga2y0ZQ9RCREOAcJLXOgSdPLiUWS9r13k7oy5NErQ%3D%3D&xkcb=SoC067M3ujmSQKRSwp0dbzkdCdPP&fccid=d3ae43e85bedfd92&cmp=Delviom-LLC&ti=Modeling+Engineer&vjs=3
Big Data Engineer,,,https://www.indeed.com/rc/clk?jk=00d14a996c723d73&bb=kZ0xQifbZmYsll0o9QsTrJIETvUUN6agfXLTSPsAvApUPqzWhW7TwgvuZWSLyA_pPHMii_9nSq4sUhykNkaxanKd5JAzvthIeXS5mfl_VHjIanXm5_AFSM-x9bUH1Wvo2bw-scqhcujJqgvXXY_IrQ%3D%3D&xkcb=SoAA67M3ujmSQKRSwp0cbzkdCdPP&fccid=e44acaf41722256d&cmp=I20-Technologies&ti=Big+Data+Architect&vjs=3
Utility Systems Data Engineer,,,https://www.indeed.com/rc/clk?jk=b9877425c61f94e1&bb=U-UPHXmAihmaT8u6GOTNm3AwzlE2AlEXFoRQ0QtRR_haVLqfcsdbWI14jjSoX1dthXFJVaGrD_tA0BWUsTiXuCMIjRIPrCDk_jQKg6HHdYzh0kzQv2U1rpg8MxI7tEg14Kbg4sTDXEjQlp02r8Po_A%3D%3D&xkcb=SoAN67M3ujmRLmxS3Z0LbzkdCdPP&fccid=dc14d8d15c8abaea&cmp=taa-solutions-llc&ti=System+Engineer&vjs=3
Data Engineer,,,https://www.indeed.com/rc/clk?jk=d530587670ca79c8&bb=U-UPHXmAihmaT8u6GOTNm4TOzdUI3wmIuw67ks7Haxjy36aoyggV36lC2dytWvtOKXHmukiJ2GtbyQz5wm5WIp3w3Fr3FA2IJpztUbFzBh_pRf3MmUkbnyn1sdfUypOFsJAxsLzOpwo%3D&xkcb=SoC567M3ujmRLmxS3Z0KbzkdCdPP&fccid=6602679598abef38&vjs=3
,,,https://www.indeed.com/viewjob?jk=123456789abcdef0
Senior Data Engineer,,,https://www.indeed.com/rc/clk?jk=2e7f93454b2c9ac5&bb=U-UPHXmAihmaT8u6GOTNmwUC9CwcpY7CljKXcXjd7g8rMXWxUq8ztgLvPQ4i2zbSVvJgdL513K6O_Lq3oKetl4vp7gkAipgbYrU2LtuKr9Hsqev6cDlk26ylotnAKuDPbJbkr_auZB5kxu_qfLfX2w%3D%3D&xkcb=SoAk67M3ujmRLmxS3Z0JbzkdCdPP&fccid=5604d4e9e39992f0&cmp=Rapideagle&ti=Data+Engineer&vjs=3
Senior Data Engineer,,,https://www.indeed.com/rc/clk?jk=b5a16212ac6c1f3a&bb=U-UPHXmAihmaT8u6GOTNmw-ZyptrgdEnp-CjxwLr-RG3hpASJ56aWkyvHbNxNfYlZkkA7xYMDK1oQ_tj5PPecG9Ukz5Rf0WaYf9mvBpl0kvgPs1Dz69ffia1wNwAiITeAGpE-Og-qJLxB8GlUca2ew%3D%3D&xkcb=SoCQ67M3ujmRLmxS3Z0IbzkdCdPP&fccid=dd616958bd9ddc12&vjs=3
Data Engineer,,,https://www.indeed.com/rc/clk?jk=3327d514c0cc6b7e&bb=U-UPHXmAihmaT8u6GOTNm9wBjkiCLI1rapNTKYGc0K0AWw3U0MKnbY2Gku3b7Mycp7dVwj25UywoXO1dVtmSfgx9kQddqWkn36dmavu-Kk_2sDyREEpKwZitSsd_fpqGMpsx4lA-r3riHGnqEwsKyA%3D%3D&xkcb=SoAe67M3ujmRLmxS3Z0PbzkdCdPP&fccid=1a8bb33e8799b5d9&cmp=Reqsta-LLC&ti=Data+Engineer&vjs=3
Data Engineer,,,https://www.indeed.com/rc/clk?jk=954654bbccb82d53&bb=U-UPHXmAihmaT8u6GOTNm0m1VDC9jIrlMhaRGrKquA4FMvRmq9s1eenzRV-MtDB9Zm1DnqOp0iObmCpyRGmHwsYIcjSUuBand86YPS0GXrjgsm8UQ5UjjORdc4GqODA4UiTVQ_6io3oLjpDjWi_VvA%3D%3D&xkcb=SoCq67M3ujmRLmxS3Z0ObzkdCdPP&fccid=57d2efe8d0efea26&vjs=3
Data Engineer,,,https://www.indeed.com/rc/clk?jk=cd0b5f3986d08ae5&bb=U-UPHXmAihmaT8u6GOTNm3sdZ4THn5IkQtZIZzkB7r8yXyasCeTNDb4Y57wl-b3Z_nOchHSrFzLNDzGLvoSnX9U2eKlXfrRtVb4Y42PQVnCvqIGcL22J0Kgb41Zejq5GmMaIIZgBUprUc2iwRENCiQ%3D%3D&xkcb=SoA367M3ujmRLmxS3Z0NbzkdCdPP&fccid=7a61f1ca4c690ba0&vjs=3
Data Engineer,,,https://www.indeed.com/rc/clk?jk=c680f995e2716524&bb=U-UPHXmAihmaT8u6GOTNm6Qcnq4_KC316XYxYxYDHHEatyaAM30Ypyr3DubwAcbmNzZxHZXOKDaZT36VyZrDHdspygK5nEZf8FhyQGkru69SkGaWP9Gq7Zdfy3EaKoWD-phdyYFN0OcsbMUJwMVWdA%3D%3D&xkcb=SoCD67M3ujmRLmxS3Z0MbzkdCdPP&fccid=c3eabf31d3993834&vjs=3
Data Engineer,,,https://www.indeed.com/rc/clk?jk=7830ff6eb1acffda&bb=U-UPHXmAihmaT8u6GOTNm1Tw9bOEpSrwtXTM3yKn9Nan_j9CSmE524Mgsoc1CyAj0z_BTvxNaaMHnsLiBc7FlUvzXRPHTOVhqX7UJD6Sl9KlEo_OEIgTbYRjdovoeHrAM3oo6hKdkVetew7GJ_UTMg%3D%3D&xkcb=SoBq67M3ujmRLmxS3Z0DbzkdCdPP&fccid=09e833e3e3d3d05d&vjs=3
Data Engineer,,,https://www.indeed.com/rc/clk?jk=d6e1c7ead46cc861&bb=U-UPHXmAihmaT8u6GOTNm_mqOAnFp-Zbb0YavhUjpHPQu7BCNuxepKVUOFS-h9ysm4XkNhRwxa9KjM4vTzXYIzBXl6w8SLx_KVGNWnU25dsGpv53gesl657eaAn5ohENL2tIf0lnLM007VRMdFregw%3D%3D&xkcb=SoDe67M3ujmRLmxS3Z0CbzkdCdPP&fccid=cff286bdf1887cf0&vjs=3
Data Engineer (only W2 contract no C2C),,,https://www.indeed.com/rc/clk?jk=dc3f2585e3d8e91b&bb=U-UPHXmAihmaT8u6GOTNm7DzjmmrZdq2LQPIbjazWH0V90xE9wy-y90QZWZENoohBDdYywpQMZij7YlyO0kVaOqvBZW4hpBGJuz-GmANIhjjnO6Yrki1a1nQYI8IOF1P_TxMkTfd00YgDspSqWKJ2w%3D%3D&xkcb=SoBD67M3ujmRLmxS3Z0BbzkdCdPP&fccid=09e833e3e3d3d05d&vjs=3
Data Engineer,,,https://www.indeed.com/rc/clk?jk=c8183161d9fb88a2&bb=U-UPHXmAihmaT8u6GOTNm9WMcGLNxPGQRjJhQE51RrpaCNhqnIwsbFYn6_ZjZWli5RSR7DHJCstcbeMlkfCqBNdXnAcdSNgqznxKjCGH6Ld5feSikRFeOqxIksebAEntTHluTcTr3uboZBMdNtiVew%3D%3D&xkcb=SoD367M3ujmRLmxS3Z0AbzkdCdPP&fccid=036c9e5abfa1760b&vjs=3
Data Analytics Engineer,,,https://www.indeed.com/rc/clk?jk=3d75f4dde4d5e821&bb=U-UPHXmAihmaT8u6GOTNm8d03hHdBYNJbGeebuJte92TXlMsm_7lh4CJxHhdUfsWIUFQdxoCptePavsNS9ZfELinOurIHcewWNYsAr9LoPee7W9m86IEwQ2sPg6TSoRDQMH_vOjBTrlY_uVzDZZ_FA%3D%3D&xkcb=SoB567M3ujmRLmxS3Z0HbzkdCdPP&fccid=8283569e1fc3b279&vjs=3
Data Engineer,,,https://www.indeed.com/rc/clk?jk=1b27e3a61edf7cf5&bb=U-UPHXmAihmaT8u6GOTNm1v1MvzaojqaxqjPjOGmT9L96It5MiLfpovATfSiGivEAbNYbp9drESz1hP8arL60VmQWXWCgnzl8l2nzClkTA3DeQmBFibrH5Jd-gGt8145T6QaDgSn9WJoaBzXNkmGSQ%3D%3D&xkcb=SoDN67M3ujmRLmxS3Z0GbzkdCdPP&fccid=31d59d43311c3056&vjs=3
Data Engineer,,,https://www.indeed.com/rc/clk?jk=c05ccdeaad7e45c6&bb=U-UPHXmAihmaT8u6GOTNmw-ZyptrgdEnQttsP1bxVLxwz1-nzkbXUh-Tv2bt5FRPNnW-y9Ggftz0ODuja3kMh5R0x-J17dkhg2g3kxBnz9nzrkHTVso7fvy93RbbjdWjWe_f0ncSX6HlhGDuYqkD5w%3D%3D&xkcb=SoBQ67M3ujmRLmxS3Z0FbzkdCdPP&fccid=197227a4bf55b322&vjs=3
